accuracy,precision,recall,f1,roc_auc,cv_best_score,alpha,eta0,learning_rate,max_iter
0.95725,0.9574614615606064,0.95725,0.957245059132146,,0.9575625000000001,0.0001,0.001,optimal,100
